3.000000000000000000e+00,2.000000000000000000e+00,2.000000000000000000e+00,3.000000000000000000e+00,9.951088929497898805e-01,9.951088929497898805e-01,9.951088929497898805e-01,9.951088929497898805e-01,9.951088929497898805e-01,9.951088929497898805e-01,1.296137734518065132e+00,1.296137734518065132e+00,1.296137734518065132e+00,1.296137734518065132e+00,1.296137734518065132e+00,9.752238047637941110e-01,9.752238047637941110e-01,9.752238047637941110e-01,9.752238047637941110e-01,9.752238047637941110e-01,9.752238047637941110e-01,9.752238047637941110e-01,9.752238047637941110e-01,9.265756396144827489e-01,9.265756396144827489e-01,9.265756396144827489e-01,9.265756396144827489e-01,9.265756396144827489e-01,9.265756396144827489e-01
1.000000000000000000e+00,1.000000000000000000e+00,1.000000000000000000e+00,0.000000000000000000e+00,9.265756396144827489e-01,9.265756396144827489e-01,9.265756396144827489e-01,9.265756396144827489e-01,9.265756396144827489e-01,9.091929583806872550e-01,9.690631097361037671e-01,9.690631097361037671e-01,9.690631097361037671e-01,9.690631097361037671e-01,9.690631097361037671e-01,9.690631097361037671e-01,9.690631097361037671e-01,9.690631097361037671e-01,9.690631097361037671e-01,9.690631097361037671e-01,9.432136860223291341e-01,9.432136860223291341e-01,9.432136860223291341e-01,9.432136860223291341e-01,9.432136860223291341e-01,9.432136860223291341e-01,9.432136860223291341e-01,9.432136860223291341e-01,9.432136860223291341e-01
2.000000000000000000e+00,0.000000000000000000e+00,1.000000000000000000e+00,1.000000000000000000e+00,1.192875572314885613e+00,1.192875572314885613e+00,1.192875572314885613e+00,1.192875572314885613e+00,1.192875572314885613e+00,1.192875572314885613e+00,1.192875572314885613e+00,1.192875572314885613e+00,9.263703200257223935e-01,9.263703200257223935e-01,9.263703200257223935e-01,9.263703200257223935e-01,9.263703200257223935e-01,9.263703200257223935e-01,9.263703200257223935e-01,9.263703200257223935e-01,9.263703200257223935e-01,9.263703200257223935e-01,9.263703200257223935e-01,9.263703200257223935e-01,9.263703200257223935e-01,9.263703200257223935e-01,9.263703200257223935e-01,9.263703200257223935e-01,9.263703200257223935e-01
2.000000000000000000e+00,0.000000000000000000e+00,0.000000000000000000e+00,2.000000000000000000e+00,9.263703200257223935e-01,9.263703200257223935e-01,9.263703200257223935e-01,9.263703200257223935e-01,9.263703200257223935e-01,9.263703200257223935e-01,9.263703200257223935e-01,9.263703200257223935e-01,8.223646183324684333e-01,8.223646183324684333e-01,8.223646183324684333e-01,8.223646183324684333e-01,9.033833455838997661e-01,9.033833455838997661e-01,9.033833455838997661e-01,9.033833455838997661e-01,9.033833455838997661e-01,9.033833455838997661e-01,1.087467601033815123e+00,1.087467601033815123e+00,1.087467601033815123e+00,1.087467601033815123e+00,1.087467601033815123e+00,1.087467601033815123e+00,1.087467601033815123e+00
3.000000000000000000e+00,1.000000000000000000e+00,1.000000000000000000e+00,0.000000000000000000e+00,1.087467601033815123e+00,1.087467601033815123e+00,1.087467601033815123e+00,1.087467601033815123e+00,1.087467601033815123e+00,1.087467601033815123e+00,1.037169907233430610e+00,1.037169907233430610e+00,1.037169907233430610e+00,1.037169907233430610e+00,1.037169907233430610e+00,1.037169907233430610e+00,1.037169907233430610e+00,1.037169907233430610e+00,9.439789839794601178e-01,9.439789839794601178e-01,9.439789839794601178e-01,9.439789839794601178e-01,1.258260225788689235e+00,1.258260225788689235e+00,8.764751613676852182e-01,8.764751613676852182e-01,8.764751613676852182e-01,8.976877263995216572e-01,8.976877263995216572e-01
3.000000000000000000e+00,1.000000000000000000e+00,3.000000000000000000e+00,1.000000000000000000e+00,8.976877263995216572e-01,1.089898725349315756e+00,1.089898725349315756e+00,1.089898725349315756e+00,1.089898725349315756e+00,1.232274665171205319e+00,1.232274665171205319e+00,1.232274665171205319e+00,1.232274665171205319e+00,1.232274665171205319e+00,8.567223944207743580e-01,8.567223944207743580e-01,8.567223944207743580e-01,8.567223944207743580e-01,1.184182359576521737e+00,1.184182359576521737e+00,1.184182359576521737e+00,1.184182359576521737e+00,1.184182359576521737e+00,9.313184797395670511e-01,9.074965399481755846e-01,9.074965399481755846e-01,9.074965399481755846e-01,9.074965399481755846e-01,1.083446481284422003e+00
1.000000000000000000e+00,3.000000000000000000e+00,0.000000000000000000e+00,3.000000000000000000e+00,1.083446481284422003e+00,1.083446481284422003e+00,1.083446481284422003e+00,1.083446481284422003e+00,1.083446481284422003e+00,1.083446481284422003e+00,1.083446481284422003e+00,1.083446481284422003e+00,1.083446481284422003e+00,1.165962526373332642e+00,1.165962526373332642e+00,1.165962526373332642e+00,1.165962526373332642e+00,1.165962526373332642e+00,1.165962526373332642e+00,1.165962526373332642e+00,1.165962526373332642e+00,1.165962526373332642e+00,1.165962526373332642e+00,1.165962526373332642e+00,1.165962526373332642e+00,1.365471478477419343e+00,1.365471478477419343e+00,1.365471478477419343e+00,1.365471478477419343e+00
0.000000000000000000e+00,1.000000000000000000e+00,3.000000000000000000e+00,1.000000000000000000e+00,1.365471478477419343e+00,1.365471478477419343e+00,1.365471478477419343e+00,1.198772616540535685e+00,1.198772616540535685e+00,1.198772616540535685e+00,1.198772616540535685e+00,1.198772616540535685e+00,1.198772616540535685e+00,1.198772616540535685e+00,1.198772616540535685e+00,8.375860404601537246e-01,8.375860404601537246e-01,8.375860404601537246e-01,8.375860404601537246e-01,8.375860404601537246e-01,8.375860404601537246e-01,8.375860404601537246e-01,1.053129723597863832e+00,1.053129723597863832e+00,1.053129723597863832e+00,8.983104395106635831e-01,8.983104395106635831e-01,8.983104395106635831e-01,8.983104395106635831e-01
3.000000000000000000e+00,0.000000000000000000e+00,3.000000000000000000e+00,3.000000000000000000e+00,8.983104395106635831e-01,1.067158270987940805e+00,1.067158270987940805e+00,1.067158270987940805e+00,1.067158270987940805e+00,1.067158270987940805e+00,1.067158270987940805e+00,1.067158270987940805e+00,1.067158270987940805e+00,1.067158270987940805e+00,1.067158270987940805e+00,1.067158270987940805e+00,1.067158270987940805e+00,1.162234913149438054e+00,1.162234913149438054e+00,1.162234913149438054e+00,1.162234913149438054e+00,1.162234913149438054e+00,1.162234913149438054e+00,1.267627168315274222e+00,1.267627168315274222e+00,1.267627168315274222e+00,1.267627168315274222e+00,1.267627168315274222e+00,1.267627168315274222e+00
1.000000000000000000e+00,0.000000000000000000e+00,2.000000000000000000e+00,1.000000000000000000e+00,1.267627168315274222e+00,1.267627168315274222e+00,1.215595577136302952e+00,1.215595577136302952e+00,1.215595577136302952e+00,1.215595577136302952e+00,1.215595577136302952e+00,1.215595577136302952e+00,1.215595577136302952e+00,1.215595577136302952e+00,1.215595577136302952e+00,1.215595577136302952e+00,1.215595577136302952e+00,1.215595577136302952e+00,9.109082196741832282e-01,9.109082196741832282e-01,9.109082196741832282e-01,9.109082196741832282e-01,9.109082196741832282e-01,9.109082196741832282e-01,9.109082196741832282e-01,9.109082196741832282e-01,9.109082196741832282e-01,9.109082196741832282e-01,1.014047180174976193e+00
0.000000000000000000e+00,1.000000000000000000e+00,1.000000000000000000e+00,2.000000000000000000e+00,1.014047180174976193e+00,1.014047180174976193e+00,1.014047180174976193e+00,1.014047180174976193e+00,9.165705601778171285e-01,9.165705601778171285e-01,9.165705601778171285e-01,9.165705601778171285e-01,9.165705601778171285e-01,8.507811266341536172e-01,8.507811266341536172e-01,8.507811266341536172e-01,8.507811266341536172e-01,1.101070921826086124e+00,1.101070921826086124e+00,1.101070921826086124e+00,1.101070921826086124e+00,1.101070921826086124e+00,8.965918578698419683e-01,8.965918578698419683e-01,8.965918578698419683e-01,8.965918578698419683e-01,8.965918578698419683e-01,8.333516458217778977e-01,8.333516458217778977e-01
1.000000000000000000e+00,0.000000000000000000e+00,1.000000000000000000e+00,1.000000000000000000e+00,8.333516458217778977e-01,8.333516458217778977e-01,8.333516458217778977e-01,8.333516458217778977e-01,8.333516458217778977e-01,8.333516458217778977e-01,8.333516458217778977e-01,8.333516458217778977e-01,8.333516458217778977e-01,8.333516458217778977e-01,9.469441149006855296e-01,9.469441149006855296e-01,9.469441149006855296e-01,9.469441149006855296e-01,9.469441149006855296e-01,9.469441149006855296e-01,9.469441149006855296e-01,9.469441149006855296e-01,8.520100098846676850e-01,8.520100098846676850e-01,8.520100098846676850e-01,1.110389804279934944e+00,1.110389804279934944e+00,1.110389804279934944e+00,1.110389804279934944e+00
1.000000000000000000e+00,0.000000000000000000e+00,1.000000000000000000e+00,1.000000000000000000e+00,9.345179381261556895e-01,9.345179381261556895e-01,9.345179381261556895e-01,9.106639853226619064e-01,9.106639853226619064e-01,9.106639853226619064e-01,9.106639853226619064e-01,9.106639853226619064e-01,9.106639853226619064e-01,9.106639853226619064e-01,9.106639853226619064e-01,8.932596795867981943e-01,8.932596795867981943e-01,8.932596795867981943e-01,8.932596795867981943e-01,8.932596795867981943e-01,8.932596795867981943e-01,1.109843529293596198e+00,1.109843529293596198e+00,8.847854620907317225e-01,8.847854620907317225e-01,8.847854620907317225e-01,8.847854620907317225e-01,8.847854620907317225e-01,8.847854620907317225e-01
0.000000000000000000e+00,1.000000000000000000e+00,3.000000000000000000e+00,2.000000000000000000e+00,8.847854620907317225e-01,8.950007888409187151e-01,8.950007888409187151e-01,8.950007888409187151e-01,8.950007888409187151e-01,1.051408246171056549e+00,1.051408246171056549e+00,1.051408246171056549e+00,1.051408246171056549e+00,8.616125521505164642e-01,8.616125521505164642e-01,8.616125521505164642e-01,8.616125521505164642e-01,8.616125521505164642e-01,8.616125521505164642e-01,8.616125521505164642e-01,8.616125521505164642e-01,8.616125521505164642e-01,8.616125521505164642e-01,8.616125521505164642e-01,8.616125521505164642e-01,1.025934569196579105e+00,1.025934569196579105e+00,9.309746870552699782e-01,9.309746870552699782e-01
1.000000000000000000e+00,0.000000000000000000e+00,3.000000000000000000e+00,1.000000000000000000e+00,9.309746870552699782e-01,8.648176329355129477e-01,8.648176329355129477e-01,8.648176329355129477e-01,8.648176329355129477e-01,8.648176329355129477e-01,8.648176329355129477e-01,8.648176329355129477e-01,1.075302159548632286e+00,1.075302159548632286e+00,1.075302159548632286e+00,1.075302159548632286e+00,1.075302159548632286e+00,1.075302159548632286e+00,1.075302159548632286e+00,1.345770579023683577e+00,1.345770579023683577e+00,1.345770579023683577e+00,1.345770579023683577e+00,1.345770579023683577e+00,1.345770579023683577e+00,1.345770579023683577e+00,9.191988735667594446e-01,9.191988735667594446e-01,9.191988735667594446e-01
1.000000000000000000e+00,3.000000000000000000e+00,1.000000000000000000e+00,2.000000000000000000e+00,9.191988735667594446e-01,9.191988735667594446e-01,9.191988735667594446e-01,9.132746625092782455e-01,9.132746625092782455e-01,9.132746625092782455e-01,9.132746625092782455e-01,9.132746625092782455e-01,9.132746625092782455e-01,9.132746625092782455e-01,9.132746625092782455e-01,9.132746625092782455e-01,9.132746625092782455e-01,1.112840578554896265e+00,1.112840578554896265e+00,1.112840578554896265e+00,1.112840578554896265e+00,1.112840578554896265e+00,1.112840578554896265e+00,1.112840578554896265e+00,8.302356887231623350e-01,8.302356887231623350e-01,9.662039421364462255e-01,9.662039421364462255e-01,9.662039421364462255e-01
1.000000000000000000e+00,3.000000000000000000e+00,0.000000000000000000e+00,0.000000000000000000e+00,8.799044865172667151e-01,8.799044865172667151e-01,8.799044865172667151e-01,8.799044865172667151e-01,8.799044865172667151e-01,8.799044865172667151e-01,8.799044865172667151e-01,8.799044865172667151e-01,8.799044865172667151e-01,8.799044865172667151e-01,1.070851699955448044e+00,1.070851699955448044e+00,1.070851699955448044e+00,1.070851699955448044e+00,1.070851699955448044e+00,1.070851699955448044e+00,1.286119184317198627e+00,1.286119184317198627e+00,1.286119184317198627e+00,1.286119184317198627e+00,1.127001306594105801e+00,1.127001306594105801e+00,1.127001306594105801e+00,1.127001306594105801e+00,1.127001306594105801e+00
1.000000000000000000e+00,0.000000000000000000e+00,2.000000000000000000e+00,3.000000000000000000e+00,1.127001306594105801e+00,1.127001306594105801e+00,1.127001306594105801e+00,1.127001306594105801e+00,1.127001306594105801e+00,1.127001306594105801e+00,1.127001306594105801e+00,1.127001306594105801e+00,1.127001306594105801e+00,1.127001306594105801e+00,1.127001306594105801e+00,1.127001306594105801e+00,1.127001306594105801e+00,1.127001306594105801e+00,8.532039861183016161e-01,8.532039861183016161e-01,8.532039861183016161e-01,8.532039861183016161e-01,8.532039861183016161e-01,8.532039861183016161e-01,9.678201699334605390e-01,9.678201699334605390e-01,9.678201699334605390e-01,9.678201699334605390e-01,9.678201699334605390e-01
1.000000000000000000e+00,1.000000000000000000e+00,3.000000000000000000e+00,1.000000000000000000e+00,9.678201699334605390e-01,9.678201699334605390e-01,9.678201699334605390e-01,9.678201699334605390e-01,9.678201699334605390e-01,9.678201699334605390e-01,9.678201699334605390e-01,9.678201699334605390e-01,9.678201699334605390e-01,9.678201699334605390e-01,9.678201699334605390e-01,9.678201699334605390e-01,9.678201699334605390e-01,9.588217823524634031e-01,9.588217823524634031e-01,9.588217823524634031e-01,1.276408481781361903e+00,1.276408481781361903e+00,1.276408481781361903e+00,1.276408481781361903e+00,1.276408481781361903e+00,1.276408481781361903e+00,9.268571495322300846e-01,9.031630631094558215e-01,9.031630631094558215e-01
1.000000000000000000e+00,1.000000000000000000e+00,1.000000000000000000e+00,1.000000000000000000e+00,9.031630631094558215e-01,1.206078803780419317e+00,1.206078803780419317e+00,1.206078803780419317e+00,1.206078803780419317e+00,9.935217602670973758e-01,9.935217602670973758e-01,1.014770681955573739e+00,1.014770681955573739e+00,1.014770681955573739e+00,1.014770681955573739e+00,1.014770681955573739e+00,9.990990944934075024e-01,9.990990944934075024e-01,9.990990944934075024e-01,9.990990944934075024e-01,9.990990944934075024e-01,9.990990944934075024e-01,9.990990944934075024e-01,9.990990944934075024e-01,9.573685023517073400e-01,9.573685023517073400e-01,9.573685023517073400e-01,9.573685023517073400e-01,9.573685023517073400e-01
2.000000000000000000e+00,2.000000000000000000e+00,0.000000000000000000e+00,1.000000000000000000e+00,9.573685023517073400e-01,9.573685023517073400e-01,8.490528791246279017e-01,8.490528791246279017e-01,8.490528791246279017e-01,8.490528791246279017e-01,8.490528791246279017e-01,8.490528791246279017e-01,9.152986011428818625e-01,9.152986011428818625e-01,9.152986011428818625e-01,9.786416903009674817e-01,9.786416903009674817e-01,1.172336356113713007e+00,1.172336356113713007e+00,1.172336356113713007e+00,1.172336356113713007e+00,1.172336356113713007e+00,1.172336356113713007e+00,9.150897077943864755e-01,9.150897077943864755e-01,9.150897077943864755e-01,9.150897077943864755e-01,9.150897077943864755e-01,9.150897077943864755e-01
1.000000000000000000e+00,3.000000000000000000e+00,1.000000000000000000e+00,3.000000000000000000e+00,9.150897077943864755e-01,9.150897077943864755e-01,8.933310739471950201e-01,8.933310739471950201e-01,8.933310739471950201e-01,8.933310739471950201e-01,8.933310739471950201e-01,8.933310739471950201e-01,8.933310739471950201e-01,8.933310739471950201e-01,8.933310739471950201e-01,8.933310739471950201e-01,1.115936191318679160e+00,1.115936191318679160e+00,8.802676612744551043e-01,8.802676612744551043e-01,8.802676612744551043e-01,8.802676612744551043e-01,1.196465695729559409e+00,1.196465695729559409e+00,1.196465695729559409e+00,1.196465695729559409e+00,1.196465695729559409e+00,9.477233767661058517e-01,9.477233767661058517e-01
1.000000000000000000e+00,1.000000000000000000e+00,3.000000000000000000e+00,2.000000000000000000e+00,9.477233767661058517e-01,9.477233767661058517e-01,9.477233767661058517e-01,9.477233767661058517e-01,9.477233767661058517e-01,9.477233767661058517e-01,9.477233767661058517e-01,9.477233767661058517e-01,9.477233767661058517e-01,9.477233767661058517e-01,9.477233767661058517e-01,9.281717003984324421e-01,9.281717003984324421e-01,9.281717003984324421e-01,9.281717003984324421e-01,9.281717003984324421e-01,9.281717003984324421e-01,1.054779250686935343e+00,1.054779250686935343e+00,1.054779250686935343e+00,1.054779250686935343e+00,1.054779250686935343e+00,9.774117416886358711e-01,8.816863577109089745e-01,8.816863577109089745e-01
1.000000000000000000e+00,3.000000000000000000e+00,1.000000000000000000e+00,1.000000000000000000e+00,8.816863577109089745e-01,8.816863577109089745e-01,1.187004483878598471e+00,1.187004483878598471e+00,1.187004483878598471e+00,1.187004483878598471e+00,1.187004483878598471e+00,1.187004483878598471e+00,1.187004483878598471e+00,1.187004483878598471e+00,1.187004483878598471e+00,1.187004483878598471e+00,9.853223249267060169e-01,9.853223249267060169e-01,9.853223249267060169e-01,9.853223249267060169e-01,9.853223249267060169e-01,9.853223249267060169e-01,9.870022575972106083e-01,9.870022575972106083e-01,9.870022575972106083e-01,9.335798303016215050e-01,9.335798303016215050e-01,9.335798303016215050e-01,9.335798303016215050e-01
1.000000000000000000e+00,1.000000000000000000e+00,0.000000000000000000e+00,1.000000000000000000e+00,9.335798303016215050e-01,9.335798303016215050e-01,9.335798303016215050e-01,9.335798303016215050e-01,9.335798303016215050e-01,9.335798303016215050e-01,9.335798303016215050e-01,9.335798303016215050e-01,9.335798303016215050e-01,9.177971732994996135e-01,9.177971732994996135e-01,9.177971732994996135e-01,1.012616112936915114e+00,1.012616112936915114e+00,1.012616112936915114e+00,8.464891592839609569e-01,1.027045959558160693e+00,1.027045959558160693e+00,1.027045959558160693e+00,1.027045959558160693e+00,1.027045959558160693e+00,1.027045959558160693e+00,1.027045959558160693e+00,1.266824654334922196e+00,1.266824654334922196e+00
0.000000000000000000e+00,3.000000000000000000e+00,0.000000000000000000e+00,2.000000000000000000e+00,1.266824654334922196e+00,1.266824654334922196e+00,1.266824654334922196e+00,1.266824654334922196e+00,1.266824654334922196e+00,1.103729639707408561e+00,1.103729639707408561e+00,1.103729639707408561e+00,1.103729639707408561e+00,1.103729639707408561e+00,1.103729639707408561e+00,1.103729639707408561e+00,1.103729639707408561e+00,1.103729639707408561e+00,1.103729639707408561e+00,1.103729639707408561e+00,1.103729639707408561e+00,1.103729639707408561e+00,1.103729639707408561e+00,8.647252930764017798e-01,9.650502185931130184e-01,9.650502185931130184e-01,9.650502185931130184e-01,1.070436258690103948e+00,1.070436258690103948e+00
2.000000000000000000e+00,0.000000000000000000e+00,1.000000000000000000e+00,3.000000000000000000e+00,1.070436258690103948e+00,1.070436258690103948e+00,1.070436258690103948e+00,1.070436258690103948e+00,1.070436258690103948e+00,1.070436258690103948e+00,1.070436258690103948e+00,1.070436258690103948e+00,1.070436258690103948e+00,8.555924516801221014e-01,8.555924516801221014e-01,8.555924516801221014e-01,8.555924516801221014e-01,8.555924516801221014e-01,8.555924516801221014e-01,8.555924516801221014e-01,8.555924516801221014e-01,8.555924516801221014e-01,1.060419024104381824e+00,1.060419024104381824e+00,1.060419024104381824e+00,1.060419024104381824e+00,1.060419024104381824e+00,1.060419024104381824e+00,1.060419024104381824e+00
1.000000000000000000e+00,3.000000000000000000e+00,0.000000000000000000e+00,3.000000000000000000e+00,1.060419024104381824e+00,1.060419024104381824e+00,1.060419024104381824e+00,8.844265662799083438e-01,8.844265662799083438e-01,8.844265662799083438e-01,8.844265662799083438e-01,1.067120467613041468e+00,1.067120467613041468e+00,1.067120467613041468e+00,1.067120467613041468e+00,1.161978006879853087e+00,1.161978006879853087e+00,1.161978006879853087e+00,1.161978006879853087e+00,1.375794530612164168e+00,1.375794530612164168e+00,1.375794530612164168e+00,1.375794530612164168e+00,1.375794530612164168e+00,1.375794530612164168e+00,1.375794530612164168e+00,1.375794530612164168e+00,1.375794530612164168e+00,1.375794530612164168e+00
0.000000000000000000e+00,1.000000000000000000e+00,1.000000000000000000e+00,1.000000000000000000e+00,1.375794530612164168e+00,1.308702466937457398e+00,1.308702466937457398e+00,1.308702466937457398e+00,1.308702466937457398e+00,1.308702466937457398e+00,1.308702466937457398e+00,1.308702466937457398e+00,1.308702466937457398e+00,9.500483715159094844e-01,9.500483715159094844e-01,9.500483715159094844e-01,9.500483715159094844e-01,9.500483715159094844e-01,9.500483715159094844e-01,9.500483715159094844e-01,9.500483715159094844e-01,9.500483715159094844e-01,9.500483715159094844e-01,9.500483715159094844e-01,9.500483715159094844e-01,9.500483715159094844e-01,9.500483715159094844e-01,9.093104386571675413e-01,9.093104386571675413e-01
0.000000000000000000e+00,1.000000000000000000e+00,0.000000000000000000e+00,0.000000000000000000e+00,9.093104386571675413e-01,9.093104386571675413e-01,9.093104386571675413e-01,9.020771723267810849e-01,9.020771723267810849e-01,9.020771723267810849e-01,9.020771723267810849e-01,9.020771723267810849e-01,9.020771723267810849e-01,9.020771723267810849e-01,9.020771723267810849e-01,9.020771723267810849e-01,9.020771723267810849e-01,1.003467573835290727e+00,1.003467573835290727e+00,1.003467573835290727e+00,1.003467573835290727e+00,1.003467573835290727e+00,1.003467573835290727e+00,1.003467573835290727e+00,1.003467573835290727e+00,8.219315110941650682e-01,8.219315110941650682e-01,8.219315110941650682e-01,8.219315110941650682e-01
1.000000000000000000e+00,1.000000000000000000e+00,1.000000000000000000e+00,0.000000000000000000e+00,8.219315110941650682e-01,8.219315110941650682e-01,8.219315110941650682e-01,8.219315110941650682e-01,8.219315110941650682e-01,8.219315110941650682e-01,1.069526188943826117e+00,1.069526188943826117e+00,1.248595276202033366e+00,1.248595276202033366e+00,1.248595276202033366e+00,1.248595276202033366e+00,1.248595276202033366e+00,1.248595276202033366e+00,1.248595276202033366e+00,9.467307495638250803e-01,9.467307495638250803e-01,9.467307495638250803e-01,9.467307495638250803e-01,9.467307495638250803e-01,9.467307495638250803e-01,9.467307495638250803e-01,9.009945833760839573e-01,8.677882376121774932e-01,8.677882376121774932e-01
0.000000000000000000e+00,3.000000000000000000e+00,3.000000000000000000e+00,0.000000000000000000e+00,8.677882376121774932e-01,8.677882376121774932e-01,8.677882376121774932e-01,8.677882376121774932e-01,8.677882376121774932e-01,8.677882376121774932e-01,8.677882376121774932e-01,8.677882376121774932e-01,8.677882376121774932e-01,8.677882376121774932e-01,9.949084571805236754e-01,9.949084571805236754e-01,9.949084571805236754e-01,9.949084571805236754e-01,9.949084571805236754e-01,9.949084571805236754e-01,9.949084571805236754e-01,9.949084571805236754e-01,9.949084571805236754e-01,9.949084571805236754e-01,9.949084571805236754e-01,9.949084571805236754e-01,9.949084571805236754e-01,1.051328947510481227e+00,1.051328947510481227e+00
3.000000000000000000e+00,3.000000000000000000e+00,1.000000000000000000e+00,1.000000000000000000e+00,1.051328947510481227e+00,1.051328947510481227e+00,1.051328947510481227e+00,1.051328947510481227e+00,1.051328947510481227e+00,1.165343122186469627e+00,1.165343122186469627e+00,1.165343122186469627e+00,1.165343122186469627e+00,1.165343122186469627e+00,1.165343122186469627e+00,1.263725837498261617e+00,1.263725837498261617e+00,1.263725837498261617e+00,1.263725837498261617e+00,1.263725837498261617e+00,1.263725837498261617e+00,1.180176604303178722e+00,1.180176604303178722e+00,1.180176604303178722e+00,1.180176604303178722e+00,1.180176604303178722e+00,1.180176604303178722e+00,1.180176604303178722e+00,1.180176604303178722e+00
2.000000000000000000e+00,1.000000000000000000e+00,0.000000000000000000e+00,1.000000000000000000e+00,1.268669507796980511e+00,1.268669507796980511e+00,1.268669507796980511e+00,1.268669507796980511e+00,1.475878858541159078e+00,1.475878858541159078e+00,1.475878858541159078e+00,9.566563770335547723e-01,9.566563770335547723e-01,9.566563770335547723e-01,9.566563770335547723e-01,9.566563770335547723e-01,9.566563770335547723e-01,9.566563770335547723e-01,9.566563770335547723e-01,9.566563770335547723e-01,9.566563770335547723e-01,9.566563770335547723e-01,9.566563770335547723e-01,9.566563770335547723e-01,9.566563770335547723e-01,9.566563770335547723e-01,8.574773680373062312e-01,8.574773680373062312e-01,8.574773680373062312e-01
1.000000000000000000e+00,1.000000000000000000e+00,1.000000000000000000e+00,3.000000000000000000e+00,8.574773680373062312e-01,8.574773680373062312e-01,8.574773680373062312e-01,9.542357093991238326e-01,9.542357093991238326e-01,9.542357093991238326e-01,9.542357093991238326e-01,9.542357093991238326e-01,9.542357093991238326e-01,9.542357093991238326e-01,9.542357093991238326e-01,9.542357093991238326e-01,8.605891027987960795e-01,8.605891027987960795e-01,8.605891027987960795e-01,8.605891027987960795e-01,8.605891027987960795e-01,1.101858250796475591e+00,1.101858250796475591e+00,1.101858250796475591e+00,1.101858250796475591e+00,1.101858250796475591e+00,1.101858250796475591e+00,1.101858250796475591e+00,9.425572870546573556e-01
3.000000000000000000e+00,1.000000000000000000e+00,3.000000000000000000e+00,1.000000000000000000e+00,9.425572870546573556e-01,9.425572870546573556e-01,9.425572870546573556e-01,9.425572870546573556e-01,9.425572870546573556e-01,9.425572870546573556e-01,9.770530956638689979e-01,9.336455892655554090e-01,9.336455892655554090e-01,9.336455892655554090e-01,9.336455892655554090e-01,9.336455892655554090e-01,9.087720137936454723e-01,9.087720137936454723e-01,9.087720137936454723e-01,9.087720137936454723e-01,9.087720137936454723e-01,9.087720137936454723e-01,9.087720137936454723e-01,9.087720137936454723e-01,9.087720137936454723e-01,9.087720137936454723e-01,9.087720137936454723e-01,9.087720137936454723e-01,9.087720137936454723e-01
0.000000000000000000e+00,1.000000000000000000e+00,1.000000000000000000e+00,1.000000000000000000e+00,9.087720137936454723e-01,9.087720137936454723e-01,9.087720137936454723e-01,9.087720137936454723e-01,9.087720137936454723e-01,9.087720137936454723e-01,9.087720137936454723e-01,9.087720137936454723e-01,9.087720137936454723e-01,9.087720137936454723e-01,9.087720137936454723e-01,1.107235248597890909e+00,1.107235248597890909e+00,1.107235248597890909e+00,1.107235248597890909e+00,1.107235248597890909e+00,1.107235248597890909e+00,1.107235248597890909e+00,1.107235248597890909e+00,1.107235248597890909e+00,1.107235248597890909e+00,1.107235248597890909e+00,1.107235248597890909e+00,1.107235248597890909e+00,1.107235248597890909e+00
2.000000000000000000e+00,2.000000000000000000e+00,0.000000000000000000e+00,1.000000000000000000e+00,1.107235248597890909e+00,1.282962627086894125e+00,1.282962627086894125e+00,1.282962627086894125e+00,1.282962627086894125e+00,1.282962627086894125e+00,1.282962627086894125e+00,1.282962627086894125e+00,1.282962627086894125e+00,1.282962627086894125e+00,1.282962627086894125e+00,1.282962627086894125e+00,1.282962627086894125e+00,1.282962627086894125e+00,1.282962627086894125e+00,9.052276251611847124e-01,9.052276251611847124e-01,9.052276251611847124e-01,1.075062071362819172e+00,8.886504751018327042e-01,8.886504751018327042e-01,8.886504751018327042e-01,8.886504751018327042e-01,1.145969548629234502e+00,1.145969548629234502e+00
3.000000000000000000e+00,1.000000000000000000e+00,1.000000000000000000e+00,1.000000000000000000e+00,9.667103488978736614e-01,9.667103488978736614e-01,9.667103488978736614e-01,9.667103488978736614e-01,9.667103488978736614e-01,9.667103488978736614e-01,9.667103488978736614e-01,9.667103488978736614e-01,9.603891854547272899e-01,9.603891854547272899e-01,9.603891854547272899e-01,8.517945869808823955e-01,8.517945869808823955e-01,8.517945869808823955e-01,9.216400826701123261e-01,9.216400826701123261e-01,9.216400826701123261e-01,9.774601209098431331e-01,9.774601209098431331e-01,9.774601209098431331e-01,9.774601209098431331e-01,9.774601209098431331e-01,9.774601209098431331e-01,1.070372663391078394e+00,1.070372663391078394e+00
1.000000000000000000e+00,3.000000000000000000e+00,1.000000000000000000e+00,1.000000000000000000e+00,1.070372663391078394e+00,8.591495657471255321e-01,8.591495657471255321e-01,8.591495657471255321e-01,8.591495657471255321e-01,8.591495657471255321e-01,8.591495657471255321e-01,8.591495657471255321e-01,8.591495657471255321e-01,8.591495657471255321e-01,1.159553024973071667e+00,1.159553024973071667e+00,1.159553024973071667e+00,1.159553024973071667e+00,1.159553024973071667e+00,1.159553024973071667e+00,1.159553024973071667e+00,1.159553024973071667e+00,9.942116410024979256e-01,9.942116410024979256e-01,9.942116410024979256e-01,9.942116410024979256e-01,9.942116410024979256e-01,9.942116410024979256e-01,9.942116410024979256e-01
1.000000000000000000e+00,2.000000000000000000e+00,3.000000000000000000e+00,0.000000000000000000e+00,9.942116410024979256e-01,9.942116410024979256e-01,1.006633954466812586e+00,1.006633954466812586e+00,1.006633954466812586e+00,1.006633954466812586e+00,1.006633954466812586e+00,1.006633954466812586e+00,1.006633954466812586e+00,9.510113273993887617e-01,9.510113273993887617e-01,9.510113273993887617e-01,9.510113273993887617e-01,9.510113273993887617e-01,9.510113273993887617e-01,9.510113273993887617e-01,9.510113273993887617e-01,9.510113273993887617e-01,9.091618174052334966e-01,9.091618174052334966e-01,9.091618174052334966e-01,9.091618174052334966e-01,9.091618174052334966e-01,9.091618174052334966e-01,9.091618174052334966e-01
3.000000000000000000e+00,0.000000000000000000e+00,1.000000000000000000e+00,1.000000000000000000e+00,9.091618174052334966e-01,1.216656389683248740e+00,1.216656389683248740e+00,1.216656389683248740e+00,1.003747077984791236e+00,1.003747077984791236e+00,1.003747077984791236e+00,1.003747077984791236e+00,1.003747077984791236e+00,9.527119269838859594e-01,9.527119269838859594e-01,9.527119269838859594e-01,9.527119269838859594e-01,9.527119269838859594e-01,8.647102679950474657e-01,8.647102679950474657e-01,8.647102679950474657e-01,8.647102679950474657e-01,8.647102679950474657e-01,8.647102679950474657e-01,8.647102679950474657e-01,8.647102679950474657e-01,8.647102679950474657e-01,9.352090287695188353e-01,9.352090287695188353e-01
1.000000000000000000e+00,0.000000000000000000e+00,3.000000000000000000e+00,0.000000000000000000e+00,9.352090287695188353e-01,1.088601359474922647e+00,1.088601359474922647e+00,1.088601359474922647e+00,1.088601359474922647e+00,1.088601359474922647e+00,1.088601359474922647e+00,1.088601359474922647e+00,1.088601359474922647e+00,1.088601359474922647e+00,1.088601359474922647e+00,1.088601359474922647e+00,1.088601359474922647e+00,1.088601359474922647e+00,1.155337427406132322e+00,1.155337427406132322e+00,1.351379358314820367e+00,1.351379358314820367e+00,1.351379358314820367e+00,1.351379358314820367e+00,1.351379358314820367e+00,1.351379358314820367e+00,1.351379358314820367e+00,1.351379358314820367e+00,1.351379358314820367e+00
0.000000000000000000e+00,1.000000000000000000e+00,1.000000000000000000e+00,2.000000000000000000e+00,1.351379358314820367e+00,1.303263871953670883e+00,9.536645476482875639e-01,9.536645476482875639e-01,9.536645476482875639e-01,9.536645476482875639e-01,9.536645476482875639e-01,9.536645476482875639e-01,9.536645476482875639e-01,9.536645476482875639e-01,9.536645476482875639e-01,9.086230696681399932e-01,9.086230696681399932e-01,9.086230696681399932e-01,9.086230696681399932e-01,9.086230696681399932e-01,9.086230696681399932e-01,8.865660444909659876e-01,8.865660444909659876e-01,8.865660444909659876e-01,8.865660444909659876e-01,8.865660444909659876e-01,8.865660444909659876e-01,9.918288809780647641e-01,9.918288809780647641e-01
2.000000000000000000e+00,1.000000000000000000e+00,1.000000000000000000e+00,1.000000000000000000e+00,9.918288809780647641e-01,9.918288809780647641e-01,1.138599206045405321e+00,1.138599206045405321e+00,1.138599206045405321e+00,1.138599206045405321e+00,1.138599206045405321e+00,1.138599206045405321e+00,1.138599206045405321e+00,1.138599206045405321e+00,1.138599206045405321e+00,1.138599206045405321e+00,1.138599206045405321e+00,1.138599206045405321e+00,1.138599206045405321e+00,1.138599206045405321e+00,1.138599206045405321e+00,1.138599206045405321e+00,1.138599206045405321e+00,1.138599206045405321e+00,1.138599206045405321e+00,1.138599206045405321e+00,1.138599206045405321e+00,1.268153808375898972e+00,1.268153808375898972e+00
1.000000000000000000e+00,0.000000000000000000e+00,3.000000000000000000e+00,1.000000000000000000e+00,1.268153808375898972e+00,1.268153808375898972e+00,1.268153808375898972e+00,1.268153808375898972e+00,1.268153808375898972e+00,1.294487126964321222e+00,1.294487126964321222e+00,1.294487126964321222e+00,1.294487126964321222e+00,9.102241102083704627e-01,9.102241102083704627e-01,9.102241102083704627e-01,9.102241102083704627e-01,9.102241102083704627e-01,9.102241102083704627e-01,9.102241102083704627e-01,9.102241102083704627e-01,8.503270467801796739e-01,8.503270467801796739e-01,8.503270467801796739e-01,8.503270467801796739e-01,8.503270467801796739e-01,8.503270467801796739e-01,9.445729337411256088e-01,9.445729337411256088e-01
0.000000000000000000e+00,3.000000000000000000e+00,1.000000000000000000e+00,1.000000000000000000e+00,9.445729337411256088e-01,9.445729337411256088e-01,9.445729337411256088e-01,9.445729337411256088e-01,9.445729337411256088e-01,9.445729337411256088e-01,9.445729337411256088e-01,9.445729337411256088e-01,9.445729337411256088e-01,1.060691889437600510e+00,1.060691889437600510e+00,1.060691889437600510e+00,1.060691889437600510e+00,1.060691889437600510e+00,9.487477304632495612e-01,9.487477304632495612e-01,9.487477304632495612e-01,9.487477304632495612e-01,9.487477304632495612e-01,9.487477304632495612e-01,9.487477304632495612e-01,9.805494885569595587e-01,9.805494885569595587e-01,9.805494885569595587e-01,9.805494885569595587e-01
2.000000000000000000e+00,1.000000000000000000e+00,1.000000000000000000e+00,3.000000000000000000e+00,9.805494885569595587e-01,9.805494885569595587e-01,9.805494885569595587e-01,9.805494885569595587e-01,9.209679282297253966e-01,9.209679282297253966e-01,9.209679282297253966e-01,9.209679282297253966e-01,9.209679282297253966e-01,8.844713577077333300e-01,8.844713577077333300e-01,8.844713577077333300e-01,8.844713577077333300e-01,8.844713577077333300e-01,1.063632468300611977e+00,1.063632468300611977e+00,1.063632468300611977e+00,1.063632468300611977e+00,1.063632468300611977e+00,1.063632468300611977e+00,1.063632468300611977e+00,1.063632468300611977e+00,1.063632468300611977e+00,1.063632468300611977e+00,1.158777151434972508e+00
1.000000000000000000e+00,0.000000000000000000e+00,3.000000000000000000e+00,1.000000000000000000e+00,1.158777151434972508e+00,1.158777151434972508e+00,1.158777151434972508e+00,1.158777151434972508e+00,1.158777151434972508e+00,1.158777151434972508e+00,1.158777151434972508e+00,1.158777151434972508e+00,1.158777151434972508e+00,1.158777151434972508e+00,8.815977202093168152e-01,8.815977202093168152e-01,8.815977202093168152e-01,8.815977202093168152e-01,8.815977202093168152e-01,8.815977202093168152e-01,1.089577348230914122e+00,1.089577348230914122e+00,1.089577348230914122e+00,1.089577348230914122e+00,1.089577348230914122e+00,1.396398827751460958e+00,1.396398827751460958e+00,1.396398827751460958e+00,1.396398827751460958e+00
3.000000000000000000e+00,2.000000000000000000e+00,2.000000000000000000e+00,3.000000000000000000e+00,9.450263905678653042e-01,9.450263905678653042e-01,9.450263905678653042e-01,9.450263905678653042e-01,9.450263905678653042e-01,9.450263905678653042e-01,8.595774817239282273e-01,8.595774817239282273e-01,8.595774817239282273e-01,8.595774817239282273e-01,8.595774817239282273e-01,1.051572277951690504e+00,1.051572277951690504e+00,1.051572277951690504e+00,9.221520971866469241e-01,9.221520971866469241e-01,9.278043104344304570e-01,9.278043104344304570e-01,9.278043104344304570e-01,1.063964735046439847e+00,1.063964735046439847e+00,1.063964735046439847e+00,1.063964735046439847e+00,8.918842417613118689e-01,8.918842417613118689e-01
3.000000000000000000e+00,2.000000000000000000e+00,1.000000000000000000e+00,1.000000000000000000e+00,8.918842417613118689e-01,8.918842417613118689e-01,8.918842417613118689e-01,1.078898037089857320e+00,1.078898037089857320e+00,1.078898037089857320e+00,1.078898037089857320e+00,1.078898037089857320e+00,1.078898037089857320e+00,1.078898037089857320e+00,1.078898037089857320e+00,1.078898037089857320e+00,1.078898037089857320e+00,1.245591702679603507e+00,9.099059824208334257e-01,9.099059824208334257e-01,9.099059824208334257e-01,9.099059824208334257e-01,9.099059824208334257e-01,9.099059824208334257e-01,9.099059824208334257e-01,9.099059824208334257e-01,1.021060267626268558e+00,1.021060267626268558e+00,1.021060267626268558e+00
3.000000000000000000e+00,3.000000000000000000e+00,1.000000000000000000e+00,0.000000000000000000e+00,1.021060267626268558e+00,1.021060267626268558e+00,1.021060267626268558e+00,1.021060267626268558e+00,1.021060267626268558e+00,1.021060267626268558e+00,1.021060267626268558e+00,1.021060267626268558e+00,1.021060267626268558e+00,8.956181229822495204e-01,8.956181229822495204e-01,8.956181229822495204e-01,8.956181229822495204e-01,8.956181229822495204e-01,9.585000839710878795e-01,9.585000839710878795e-01,9.585000839710878795e-01,9.585000839710878795e-01,1.109761555673511202e+00,1.109761555673511202e+00,1.109761555673511202e+00,1.109761555673511202e+00,1.144681419355054963e+00,1.144681419355054963e+00,1.068831387165780411e+00
0.000000000000000000e+00,1.000000000000000000e+00,3.000000000000000000e+00,3.000000000000000000e+00,1.068831387165780411e+00,1.068831387165780411e+00,1.068831387165780411e+00,1.068831387165780411e+00,1.068831387165780411e+00,1.068831387165780411e+00,1.068831387165780411e+00,9.180683419490415220e-01,9.180683419490415220e-01,9.180683419490415220e-01,9.180683419490415220e-01,9.120454042570046438e-01,9.120454042570046438e-01,9.120454042570046438e-01,9.120454042570046438e-01,9.120454042570046438e-01,9.120454042570046438e-01,9.120454042570046438e-01,9.120454042570046438e-01,9.120454042570046438e-01,9.120454042570046438e-01,9.120454042570046438e-01,9.120454042570046438e-01,9.120454042570046438e-01,9.120454042570046438e-01
1.000000000000000000e+00,3.000000000000000000e+00,0.000000000000000000e+00,0.000000000000000000e+00,9.120454042570046438e-01,9.120454042570046438e-01,9.120454042570046438e-01,9.120454042570046438e-01,9.120454042570046438e-01,9.120454042570046438e-01,9.120454042570046438e-01,1.103917835112141699e+00,1.103917835112141699e+00,1.103917835112141699e+00,1.103917835112141699e+00,1.103917835112141699e+00,1.173732125427687123e+00,1.173732125427687123e+00,1.173732125427687123e+00,1.173732125427687123e+00,1.173732125427687123e+00,1.173732125427687123e+00,1.173732125427687123e+00,1.173732125427687123e+00,8.885643066864793438e-01,8.885643066864793438e-01,8.885643066864793438e-01,8.885643066864793438e-01,8.885643066864793438e-01
1.000000000000000000e+00,1.000000000000000000e+00,2.000000000000000000e+00,1.000000000000000000e+00,8.885643066864793438e-01,8.885643066864793438e-01,8.885643066864793438e-01,8.885643066864793438e-01,1.091825079123042830e+00,1.091825079123042830e+00,1.091825079123042830e+00,1.091825079123042830e+00,1.091825079123042830e+00,1.091825079123042830e+00,1.091825079123042830e+00,1.091825079123042830e+00,1.091825079123042830e+00,1.091825079123042830e+00,1.091825079123042830e+00,1.102046561873744279e+00,1.102046561873744279e+00,1.102046561873744279e+00,1.102046561873744279e+00,1.102046561873744279e+00,1.102046561873744279e+00,1.102046561873744279e+00,1.102046561873744279e+00,8.575731884680070083e-01,8.575731884680070083e-01
2.000000000000000000e+00,1.000000000000000000e+00,2.000000000000000000e+00,0.000000000000000000e+00,8.575731884680070083e-01,8.575731884680070083e-01,8.575731884680070083e-01,8.575731884680070083e-01,8.575731884680070083e-01,1.069445096585861732e+00,1.069445096585861732e+00,1.069445096585861732e+00,1.069445096585861732e+00,1.246268026280313856e+00,1.246268026280313856e+00,1.246268026280313856e+00,1.246268026280313856e+00,1.246268026280313856e+00,1.246268026280313856e+00,1.246268026280313856e+00,1.246268026280313856e+00,1.246268026280313856e+00,8.990361645204483221e-01,8.990361645204483221e-01,8.990361645204483221e-01,8.990361645204483221e-01,8.990361645204483221e-01,8.990361645204483221e-01,8.990361645204483221e-01
3.000000000000000000e+00,2.000000000000000000e+00,0.000000000000000000e+00,1.000000000000000000e+00,8.990361645204483221e-01,8.990361645204483221e-01,1.072723571665204378e+00,1.072723571665204378e+00,1.072723571665204378e+00,1.072723571665204378e+00,1.072723571665204378e+00,1.072723571665204378e+00,1.072723571665204378e+00,1.072723571665204378e+00,1.072723571665204378e+00,1.297563044257155296e+00,1.297563044257155296e+00,1.297563044257155296e+00,1.297563044257155296e+00,1.297563044257155296e+00,1.297563044257155296e+00,1.261296954224856659e+00,1.261296954224856659e+00,1.261296954224856659e+00,1.261296954224856659e+00,1.261296954224856659e+00,1.261296954224856659e+00,1.261296954224856659e+00,1.261296954224856659e+00
1.000000000000000000e+00,1.000000000000000000e+00,3.000000000000000000e+00,1.000000000000000000e+00,8.974779544793487496e-01,8.974779544793487496e-01,8.974779544793487496e-01,8.974779544793487496e-01,8.974779544793487496e-01,8.974779544793487496e-01,8.974779544793487496e-01,8.974779544793487496e-01,8.974779544793487496e-01,8.974779544793487496e-01,8.974779544793487496e-01,8.974779544793487496e-01,8.407901367701610118e-01,8.407901367701610118e-01,8.407901367701610118e-01,8.407901367701610118e-01,8.407901367701610118e-01,9.772687204919239257e-01,9.772687204919239257e-01,8.165961159176550188e-01,9.678916242787419799e-01,9.678916242787419799e-01,9.678916242787419799e-01,9.678916242787419799e-01,9.678916242787419799e-01
2.000000000000000000e+00,1.000000000000000000e+00,3.000000000000000000e+00,1.000000000000000000e+00,9.678916242787419799e-01,7.992645773668284326e-01,7.992645773668284326e-01,7.992645773668284326e-01,7.992645773668284326e-01,7.992645773668284326e-01,7.992645773668284326e-01,7.992645773668284326e-01,7.992645773668284326e-01,7.992645773668284326e-01,7.992645773668284326e-01,7.992645773668284326e-01,7.992645773668284326e-01,7.992645773668284326e-01,7.992645773668284326e-01,9.065667602274884995e-01,9.065667602274884995e-01,9.065667602274884995e-01,9.065667602274884995e-01,1.079892831398992392e+00,1.079892831398992392e+00,1.079892831398992392e+00,1.079892831398992392e+00,1.079892831398992392e+00,1.079892831398992392e+00
2.000000000000000000e+00,1.000000000000000000e+00,3.000000000000000000e+00,0.000000000000000000e+00,1.079892831398992392e+00,1.042174254154627278e+00,1.042174254154627278e+00,1.042174254154627278e+00,1.042174254154627278e+00,1.042174254154627278e+00,1.042174254154627278e+00,1.042174254154627278e+00,1.042174254154627278e+00,9.524240526426119846e-01,9.524240526426119846e-01,9.524240526426119846e-01,9.524240526426119846e-01,9.524240526426119846e-01,9.524240526426119846e-01,9.524240526426119846e-01,9.524240526426119846e-01,9.524240526426119846e-01,1.203175492333947494e+00,1.203175492333947494e+00,1.203175492333947494e+00,1.203175492333947494e+00,1.203175492333947494e+00,1.203175492333947494e+00,1.203175492333947494e+00
0.000000000000000000e+00,0.000000000000000000e+00,0.000000000000000000e+00,0.000000000000000000e+00,1.203175492333947494e+00,1.203175492333947494e+00,1.203175492333947494e+00,1.203175492333947494e+00,1.203175492333947494e+00,1.203175492333947494e+00,9.609467551272314889e-01,9.245440528282621306e-01,9.245440528282621306e-01,9.245440528282621306e-01,9.245440528282621306e-01,9.245440528282621306e-01,9.096442846419122708e-01,9.096442846419122708e-01,9.096442846419122708e-01,9.096442846419122708e-01,9.096442846419122708e-01,9.096442846419122708e-01,9.096442846419122708e-01,9.096442846419122708e-01,9.096442846419122708e-01,1.130090594423758033e+00,1.130090594423758033e+00,1.130090594423758033e+00,1.130090594423758033e+00
3.000000000000000000e+00,0.000000000000000000e+00,2.000000000000000000e+00,1.000000000000000000e+00,8.275236434934516438e-01,8.275236434934516438e-01,8.275236434934516438e-01,8.275236434934516438e-01,8.275236434934516438e-01,8.275236434934516438e-01,8.275236434934516438e-01,9.782388758534055206e-01,9.782388758534055206e-01,9.782388758534055206e-01,8.957383765400879216e-01,8.957383765400879216e-01,8.957383765400879216e-01,8.957383765400879216e-01,8.957383765400879216e-01,8.957383765400879216e-01,1.107847325089059476e+00,8.170077235264862070e-01,8.170077235264862070e-01,8.170077235264862070e-01,8.170077235264862070e-01,8.170077235264862070e-01,8.170077235264862070e-01,8.170077235264862070e-01,8.170077235264862070e-01
0.000000000000000000e+00,1.000000000000000000e+00,1.000000000000000000e+00,1.000000000000000000e+00,9.625901862570970247e-01,9.625901862570970247e-01,8.741559576294053446e-01,8.741559576294053446e-01,8.741559576294053446e-01,8.741559576294053446e-01,8.741559576294053446e-01,8.741559576294053446e-01,8.741559576294053446e-01,1.038578625247678744e+00,1.038578625247678744e+00,1.038578625247678744e+00,1.038578625247678744e+00,1.038578625247678744e+00,1.038578625247678744e+00,1.038578625247678744e+00,1.140919559872459521e+00,1.140919559872459521e+00,1.140919559872459521e+00,1.140919559872459521e+00,1.140919559872459521e+00,1.140919559872459521e+00,1.071208904897571923e+00,1.071208904897571923e+00,1.071208904897571923e+00
2.000000000000000000e+00,1.000000000000000000e+00,2.000000000000000000e+00,2.000000000000000000e+00,1.038475377988979931e+00,1.038475377988979931e+00,1.038475377988979931e+00,1.038475377988979931e+00,1.038475377988979931e+00,1.038475377988979931e+00,1.038475377988979931e+00,1.038475377988979931e+00,1.038475377988979931e+00,1.066043942952243695e+00,1.105733764267918362e+00,1.105733764267918362e+00,1.105733764267918362e+00,1.105733764267918362e+00,1.272779797748466946e+00,1.272779797748466946e+00,1.272779797748466946e+00,1.272779797748466946e+00,1.272779797748466946e+00,1.272779797748466946e+00,1.272779797748466946e+00,1.272779797748466946e+00,1.272779797748466946e+00,1.272779797748466946e+00,1.108494770509448113e+00
1.000000000000000000e+00,1.000000000000000000e+00,2.000000000000000000e+00,0.000000000000000000e+00,1.108494770509448113e+00,1.108494770509448113e+00,1.108494770509448113e+00,1.108494770509448113e+00,9.153590123861748973e-01,9.153590123861748973e-01,9.153590123861748973e-01,9.153590123861748973e-01,8.549548290367037229e-01,8.549548290367037229e-01,8.549548290367037229e-01,8.549548290367037229e-01,8.549548290367037229e-01,8.549548290367037229e-01,1.073381270307392388e+00,1.073381270307392388e+00,1.073381270307392388e+00,9.447714397707095424e-01,9.447714397707095424e-01,9.447714397707095424e-01,9.447714397707095424e-01,9.447714397707095424e-01,9.447714397707095424e-01,9.424235440087028737e-01,9.424235440087028737e-01
1.000000000000000000e+00,1.000000000000000000e+00,1.000000000000000000e+00,0.000000000000000000e+00,9.424235440087028737e-01,9.424235440087028737e-01,9.424235440087028737e-01,9.424235440087028737e-01,9.424235440087028737e-01,8.583356679805561606e-01,9.956617793229275426e-01,9.956617793229275426e-01,9.956617793229275426e-01,9.956617793229275426e-01,9.956617793229275426e-01,9.956617793229275426e-01,9.956617793229275426e-01,9.956617793229275426e-01,9.956617793229275426e-01,9.956617793229275426e-01,8.108931496317087761e-01,8.108931496317087761e-01,8.108931496317087761e-01,8.108931496317087761e-01,8.108931496317087761e-01,8.108931496317087761e-01,9.258954496831675041e-01,9.258954496831675041e-01,9.258954496831675041e-01
1.000000000000000000e+00,3.000000000000000000e+00,0.000000000000000000e+00,0.000000000000000000e+00,9.258954496831675041e-01,9.258954496831675041e-01,9.258954496831675041e-01,9.258954496831675041e-01,9.258954496831675041e-01,1.076536177499871849e+00,1.076536177499871849e+00,1.076536177499871849e+00,1.076536177499871849e+00,9.025953961247455970e-01,9.025953961247455970e-01,9.025953961247455970e-01,9.025953961247455970e-01,9.025953961247455970e-01,9.025953961247455970e-01,8.393954685009790140e-01,8.393954685009790140e-01,8.393954685009790140e-01,9.616197935865562485e-01,1.194639376270947073e+00,1.194639376270947073e+00,1.194639376270947073e+00,9.642509148724471846e-01,9.642509148724471846e-01,9.642509148724471846e-01
3.000000000000000000e+00,2.000000000000000000e+00,1.000000000000000000e+00,1.000000000000000000e+00,9.642509148724471846e-01,9.642509148724471846e-01,9.642509148724471846e-01,9.642509148724471846e-01,9.110317818590170091e-01,9.110317818590170091e-01,9.050863907446806689e-01,9.050863907446806689e-01,9.050863907446806689e-01,9.050863907446806689e-01,1.036013347778628191e+00,1.036013347778628191e+00,1.036013347778628191e+00,8.609336399816091001e-01,8.609336399816091001e-01,8.609336399816091001e-01,8.609336399816091001e-01,8.609336399816091001e-01,1.034543862192403685e+00,1.034543862192403685e+00,1.034543862192403685e+00,1.034543862192403685e+00,1.034543862192403685e+00,1.034543862192403685e+00,1.034543862192403685e+00
0.000000000000000000e+00,3.000000000000000000e+00,1.000000000000000000e+00,1.000000000000000000e+00,1.034543862192403685e+00,1.034543862192403685e+00,1.034543862192403685e+00,1.034543862192403685e+00,1.169439514488058052e+00,1.169439514488058052e+00,1.169439514488058052e+00,1.169439514488058052e+00,1.169439514488058052e+00,1.169439514488058052e+00,1.169439514488058052e+00,1.169439514488058052e+00,1.149537205304849596e+00,1.149537205304849596e+00,1.149537205304849596e+00,1.149537205304849596e+00,1.149537205304849596e+00,1.149537205304849596e+00,1.149537205304849596e+00,1.120441710912527977e+00,1.120441710912527977e+00,1.120441710912527977e+00,1.120441710912527977e+00,1.120441710912527977e+00,1.120441710912527977e+00
1.000000000000000000e+00,1.000000000000000000e+00,3.000000000000000000e+00,2.000000000000000000e+00,1.120441710912527977e+00,1.120441710912527977e+00,1.120441710912527977e+00,1.120441710912527977e+00,1.120441710912527977e+00,1.120441710912527977e+00,1.120441710912527977e+00,1.120441710912527977e+00,1.120441710912527977e+00,1.120441710912527977e+00,1.042613375928712394e+00,1.042613375928712394e+00,9.016884867674233028e-01,9.016884867674233028e-01,9.016884867674233028e-01,8.853078997548713414e-01,8.853078997548713414e-01,8.853078997548713414e-01,8.853078997548713414e-01,8.853078997548713414e-01,8.853078997548713414e-01,8.853078997548713414e-01,8.853078997548713414e-01,8.853078997548713414e-01,1.072271320438348052e+00
1.000000000000000000e+00,3.000000000000000000e+00,3.000000000000000000e+00,0.000000000000000000e+00,1.072271320438348052e+00,1.072271320438348052e+00,1.072271320438348052e+00,1.072271320438348052e+00,1.072271320438348052e+00,1.072271320438348052e+00,1.072271320438348052e+00,1.072271320438348052e+00,1.072271320438348052e+00,1.072271320438348052e+00,1.072271320438348052e+00,1.391191122873700614e+00,1.391191122873700614e+00,1.391191122873700614e+00,1.391191122873700614e+00,1.391191122873700614e+00,1.391191122873700614e+00,1.391191122873700614e+00,1.391191122873700614e+00,1.391191122873700614e+00,1.391191122873700614e+00,1.391191122873700614e+00,9.821502727394860743e-01,9.821502727394860743e-01,9.821502727394860743e-01
1.000000000000000000e+00,0.000000000000000000e+00,2.000000000000000000e+00,0.000000000000000000e+00,9.821502727394860743e-01,9.821502727394860743e-01,9.821502727394860743e-01,9.821502727394860743e-01,9.821502727394860743e-01,9.821502727394860743e-01,9.821502727394860743e-01,9.821502727394860743e-01,9.821502727394860743e-01,9.821502727394860743e-01,9.821502727394860743e-01,9.821502727394860743e-01,9.897539324356999790e-01,9.487774592321525091e-01,9.487774592321525091e-01,9.487774592321525091e-01,9.487774592321525091e-01,9.487774592321525091e-01,9.201077999386227946e-01,9.201077999386227946e-01,9.201077999386227946e-01,9.201077999386227946e-01,9.201077999386227946e-01,9.201077999386227946e-01,9.201077999386227946e-01
0.000000000000000000e+00,0.000000000000000000e+00,0.000000000000000000e+00,1.000000000000000000e+00,9.201077999386227946e-01,9.201077999386227946e-01,1.049195952974522061e+00,1.049195952974522061e+00,1.049195952974522061e+00,1.049195952974522061e+00,1.049195952974522061e+00,9.774434308744932576e-01,9.774434308744932576e-01,9.774434308744932576e-01,9.774434308744932576e-01,9.774434308744932576e-01,8.814186193044979412e-01,8.814186193044979412e-01,8.814186193044979412e-01,8.814186193044979412e-01,8.814186193044979412e-01,1.063308832457337427e+00,1.063308832457337427e+00,1.063308832457337427e+00,1.063308832457337427e+00,1.404409849987644954e+00,1.404409849987644954e+00,1.404409849987644954e+00,1.404409849987644954e+00
1.000000000000000000e+00,2.000000000000000000e+00,1.000000000000000000e+00,1.000000000000000000e+00,1.404409849987644954e+00,1.212928297373564668e+00,1.212928297373564668e+00,8.695212641170955159e-01,8.695212641170955159e-01,8.695212641170955159e-01,8.695212641170955159e-01,8.695212641170955159e-01,8.695212641170955159e-01,8.695212641170955159e-01,8.695212641170955159e-01,8.695212641170955159e-01,9.530190887100089547e-01,9.530190887100089547e-01,9.530190887100089547e-01,9.530190887100089547e-01,9.530190887100089547e-01,9.530190887100089547e-01,8.674703903046796505e-01,9.712621805906466177e-01,1.053270748093607656e+00,1.053270748093607656e+00,1.053270748093607656e+00,1.053270748093607656e+00,1.053270748093607656e+00
3.000000000000000000e+00,3.000000000000000000e+00,2.000000000000000000e+00,1.000000000000000000e+00,1.053270748093607656e+00,1.053270748093607656e+00,1.053270748093607656e+00,1.053270748093607656e+00,1.053270748093607656e+00,1.053270748093607656e+00,1.053270748093607656e+00,1.053270748093607656e+00,1.053270748093607656e+00,1.053270748093607656e+00,1.053270748093607656e+00,1.053270748093607656e+00,1.053270748093607656e+00,1.053270748093607656e+00,1.053270748093607656e+00,1.053270748093607656e+00,1.053270748093607656e+00,1.053270748093607656e+00,1.053270748093607656e+00,1.053270748093607656e+00,1.053270748093607656e+00,1.053270748093607656e+00,1.053270748093607656e+00,1.180263677890099672e+00,1.180263677890099672e+00
3.000000000000000000e+00,0.000000000000000000e+00,1.000000000000000000e+00,0.000000000000000000e+00,1.180263677890099672e+00,1.180263677890099672e+00,1.180263677890099672e+00,1.274600832278192319e+00,1.274600832278192319e+00,1.274600832278192319e+00,1.274600832278192319e+00,8.958954582831942792e-01,8.958954582831942792e-01,8.958954582831942792e-01,8.958954582831942792e-01,8.958954582831942792e-01,8.958954582831942792e-01,8.958954582831942792e-01,8.958954582831942792e-01,8.958954582831942792e-01,8.958954582831942792e-01,8.958954582831942792e-01,8.958954582831942792e-01,8.412191313800333470e-01,8.412191313800333470e-01,8.412191313800333470e-01,8.412191313800333470e-01,8.412191313800333470e-01,1.039473294400365067e+00
0.000000000000000000e+00,1.000000000000000000e+00,1.000000000000000000e+00,0.000000000000000000e+00,1.039473294400365067e+00,1.039473294400365067e+00,1.039473294400365067e+00,1.039473294400365067e+00,1.039473294400365067e+00,1.039473294400365067e+00,1.039473294400365067e+00,1.039473294400365067e+00,8.982951365288429635e-01,9.299758174318224491e-01,9.299758174318224491e-01,9.299758174318224491e-01,9.299758174318224491e-01,9.299758174318224491e-01,9.299758174318224491e-01,1.084501819980695059e+00,1.084501819980695059e+00,1.084501819980695059e+00,1.084501819980695059e+00,1.084501819980695059e+00,1.084501819980695059e+00,1.084501819980695059e+00,1.084501819980695059e+00,1.135364421850670436e+00,1.135364421850670436e+00
1.000000000000000000e+00,1.000000000000000000e+00,1.000000000000000000e+00,1.000000000000000000e+00,1.135364421850670436e+00,1.135364421850670436e+00,1.135364421850670436e+00,1.135364421850670436e+00,1.135364421850670436e+00,1.135364421850670436e+00,9.683912114439401364e-01,9.683912114439401364e-01,9.683912114439401364e-01,9.683912114439401364e-01,9.683912114439401364e-01,9.683912114439401364e-01,9.683912114439401364e-01,9.683912114439401364e-01,9.051679596333721545e-01,9.051679596333721545e-01,9.051679596333721545e-01,9.051679596333721545e-01,1.139946856307128220e+00,1.139946856307128220e+00,1.139946856307128220e+00,1.139946856307128220e+00,1.139946856307128220e+00,1.139946856307128220e+00,1.139946856307128220e+00
3.000000000000000000e+00,1.000000000000000000e+00,1.000000000000000000e+00,1.000000000000000000e+00,1.139946856307128220e+00,1.139946856307128220e+00,1.139946856307128220e+00,1.139946856307128220e+00,1.139946856307128220e+00,1.139946856307128220e+00,1.139946856307128220e+00,1.157049258984041762e+00,1.157049258984041762e+00,1.157049258984041762e+00,1.157049258984041762e+00,1.157049258984041762e+00,8.326439104218898990e-01,8.326439104218898990e-01,8.326439104218898990e-01,8.326439104218898990e-01,8.326439104218898990e-01,8.326439104218898990e-01,8.326439104218898990e-01,8.326439104218898990e-01,8.326439104218898990e-01,1.074421944067117884e+00,1.074421944067117884e+00,1.215044155094365586e+00,1.215044155094365586e+00
0.000000000000000000e+00,0.000000000000000000e+00,3.000000000000000000e+00,3.000000000000000000e+00,1.215044155094365586e+00,1.215044155094365586e+00,1.215044155094365586e+00,1.215044155094365586e+00,1.215044155094365586e+00,1.215044155094365586e+00,8.684108724259758105e-01,8.684108724259758105e-01,8.684108724259758105e-01,8.684108724259758105e-01,8.684108724259758105e-01,8.684108724259758105e-01,8.684108724259758105e-01,8.940257424334260294e-01,8.940257424334260294e-01,8.940257424334260294e-01,8.940257424334260294e-01,8.940257424334260294e-01,8.940257424334260294e-01,8.940257424334260294e-01,8.940257424334260294e-01,8.940257424334260294e-01,8.940257424334260294e-01,8.940257424334260294e-01,8.940257424334260294e-01
0.000000000000000000e+00,3.000000000000000000e+00,3.000000000000000000e+00,2.000000000000000000e+00,8.940257424334260294e-01,8.940257424334260294e-01,8.940257424334260294e-01,1.114036075404996495e+00,1.114036075404996495e+00,1.114036075404996495e+00,9.481170046132781914e-01,9.481170046132781914e-01,9.481170046132781914e-01,9.481170046132781914e-01,9.481170046132781914e-01,9.481170046132781914e-01,9.775903575431390546e-01,9.775903575431390546e-01,9.775903575431390546e-01,9.775903575431390546e-01,9.775903575431390546e-01,9.775903575431390546e-01,9.400772154555532278e-01,9.400772154555532278e-01,9.009482106623717401e-01,9.009482106623717401e-01,9.009482106623717401e-01,9.009482106623717401e-01,9.009482106623717401e-01
1.000000000000000000e+00,0.000000000000000000e+00,0.000000000000000000e+00,0.000000000000000000e+00,9.009482106623717401e-01,9.009482106623717401e-01,1.228904174964433160e+00,9.957783112883741294e-01,9.957783112883741294e-01,9.957783112883741294e-01,9.957783112883741294e-01,9.957783112883741294e-01,9.957783112883741294e-01,9.957783112883741294e-01,9.115150077538721751e-01,9.115150077538721751e-01,9.115150077538721751e-01,9.115150077538721751e-01,9.115150077538721751e-01,9.115150077538721751e-01,9.115150077538721751e-01,9.115150077538721751e-01,9.115150077538721751e-01,9.115150077538721751e-01,9.115150077538721751e-01,9.115150077538721751e-01,9.115150077538721751e-01,9.115150077538721751e-01,8.819489076066504563e-01
3.000000000000000000e+00,0.000000000000000000e+00,1.000000000000000000e+00,0.000000000000000000e+00,8.819489076066504563e-01,8.819489076066504563e-01,8.819489076066504563e-01,8.819489076066504563e-01,8.819489076066504563e-01,8.819489076066504563e-01,8.819489076066504563e-01,9.974283694828873781e-01,9.974283694828873781e-01,9.974283694828873781e-01,9.974283694828873781e-01,1.051008456623021559e+00,1.051008456623021559e+00,1.051008456623021559e+00,1.051008456623021559e+00,1.051008456623021559e+00,1.051008456623021559e+00,1.051008456623021559e+00,1.051008456623021559e+00,1.051008456623021559e+00,1.051008456623021559e+00,1.051008456623021559e+00,1.051008456623021559e+00,1.051008456623021559e+00,1.051008456623021559e+00
3.000000000000000000e+00,3.000000000000000000e+00,0.000000000000000000e+00,2.000000000000000000e+00,1.159769011741796252e+00,1.159769011741796252e+00,1.259815383463599447e+00,1.259815383463599447e+00,1.259815383463599447e+00,1.259815383463599447e+00,1.259815383463599447e+00,1.259815383463599447e+00,1.259815383463599447e+00,1.259815383463599447e+00,1.259815383463599447e+00,1.192147793505922815e+00,1.192147793505922815e+00,1.192147793505922815e+00,1.246717378061514614e+00,1.246717378061514614e+00,1.246717378061514614e+00,1.246717378061514614e+00,1.246717378061514614e+00,1.246717378061514614e+00,1.151730433942156795e+00,1.151730433942156795e+00,1.151730433942156795e+00,1.151730433942156795e+00,1.151730433942156795e+00
2.000000000000000000e+00,2.000000000000000000e+00,2.000000000000000000e+00,0.000000000000000000e+00,1.151730433942156795e+00,1.151730433942156795e+00,1.151730433942156795e+00,1.151730433942156795e+00,9.345747417738577978e-01,9.345747417738577978e-01,9.345747417738577978e-01,8.531635039638922891e-01,8.531635039638922891e-01,8.531635039638922891e-01,8.531635039638922891e-01,8.531635039638922891e-01,8.531635039638922891e-01,8.531635039638922891e-01,9.730502177414854792e-01,9.730502177414854792e-01,9.730502177414854792e-01,9.730502177414854792e-01,9.730502177414854792e-01,1.035703482967080813e+00,1.035703482967080813e+00,1.035703482967080813e+00,1.089896154406225115e+00,1.089896154406225115e+00,1.089896154406225115e+00
1.000000000000000000e+00,1.000000000000000000e+00,2.000000000000000000e+00,2.000000000000000000e+00,1.089896154406225115e+00,1.089896154406225115e+00,1.089896154406225115e+00,1.089896154406225115e+00,1.089896154406225115e+00,1.089896154406225115e+00,1.089896154406225115e+00,1.258129739462543473e+00,1.258129739462543473e+00,1.258129739462543473e+00,1.258129739462543473e+00,1.258129739462543473e+00,1.258129739462543473e+00,1.258129739462543473e+00,1.258129739462543473e+00,1.258129739462543473e+00,1.258129739462543473e+00,1.258129739462543473e+00,1.258129739462543473e+00,1.258129739462543473e+00,1.258129739462543473e+00,1.258129739462543473e+00,1.258129739462543473e+00,1.258129739462543473e+00,1.258129739462543473e+00
1.000000000000000000e+00,1.000000000000000000e+00,1.000000000000000000e+00,2.000000000000000000e+00,1.146407230586845571e+00,8.485290592625680528e-01,8.485290592625680528e-01,8.485290592625680528e-01,8.485290592625680528e-01,8.485290592625680528e-01,8.485290592625680528e-01,8.485290592625680528e-01,9.830584739827877838e-01,9.830584739827877838e-01,9.830584739827877838e-01,9.830584739827877838e-01,9.830584739827877838e-01,9.830584739827877838e-01,9.830584739827877838e-01,9.830584739827877838e-01,1.176077742995818021e+00,1.176077742995818021e+00,1.176077742995818021e+00,1.176077742995818021e+00,1.418525578370706475e+00,1.418525578370706475e+00,1.418525578370706475e+00,1.418525578370706475e+00,1.418525578370706475e+00
1.000000000000000000e+00,0.000000000000000000e+00,3.000000000000000000e+00,2.000000000000000000e+00,1.418525578370706475e+00,1.418525578370706475e+00,1.418525578370706475e+00,1.155061250975783382e+00,1.155061250975783382e+00,1.155061250975783382e+00,1.155061250975783382e+00,1.155061250975783382e+00,1.155061250975783382e+00,1.155061250975783382e+00,9.159104914052809132e-01,9.159104914052809132e-01,9.159104914052809132e-01,9.159104914052809132e-01,9.159104914052809132e-01,9.159104914052809132e-01,9.249650719040989344e-01,9.249650719040989344e-01,9.249650719040989344e-01,9.249650719040989344e-01,9.249650719040989344e-01,9.249650719040989344e-01,8.835484496611532013e-01,8.835484496611532013e-01,8.835484496611532013e-01
1.000000000000000000e+00,1.000000000000000000e+00,3.000000000000000000e+00,1.000000000000000000e+00,8.835484496611532013e-01,8.835484496611532013e-01,8.835484496611532013e-01,8.835484496611532013e-01,9.457644772287552293e-01,9.457644772287552293e-01,9.457644772287552293e-01,1.183239842506993655e+00,1.183239842506993655e+00,1.183239842506993655e+00,9.296030362897024224e-01,9.296030362897024224e-01,9.296030362897024224e-01,9.296030362897024224e-01,8.331845694190944673e-01,8.331845694190944673e-01,8.331845694190944673e-01,8.331845694190944673e-01,9.425069211717069795e-01,9.425069211717069795e-01,9.425069211717069795e-01,9.425069211717069795e-01,9.425069211717069795e-01,9.425069211717069795e-01,9.425069211717069795e-01
0.000000000000000000e+00,3.000000000000000000e+00,1.000000000000000000e+00,3.000000000000000000e+00,9.425069211717069795e-01,9.425069211717069795e-01,1.063505914137121033e+00,1.063505914137121033e+00,1.063505914137121033e+00,1.063505914137121033e+00,1.063505914137121033e+00,1.063505914137121033e+00,9.614875861699204718e-01,9.614875861699204718e-01,9.614875861699204718e-01,9.614875861699204718e-01,9.614875861699204718e-01,9.614875861699204718e-01,9.614875861699204718e-01,9.614875861699204718e-01,9.614875861699204718e-01,9.614875861699204718e-01,9.614875861699204718e-01,9.614875861699204718e-01,9.614875861699204718e-01,9.586010832773800283e-01,9.586010832773800283e-01,9.586010832773800283e-01,9.586010832773800283e-01
1.000000000000000000e+00,1.000000000000000000e+00,1.000000000000000000e+00,2.000000000000000000e+00,9.586010832773800283e-01,8.357548505469478695e-01,8.357548505469478695e-01,9.372689600092194429e-01,8.732112347297817934e-01,8.732112347297817934e-01,8.732112347297817934e-01,1.035688835478591363e+00,1.035688835478591363e+00,1.035688835478591363e+00,1.035688835478591363e+00,1.119414941053296086e+00,1.119414941053296086e+00,1.119414941053296086e+00,1.119414941053296086e+00,1.119414941053296086e+00,1.119414941053296086e+00,1.119414941053296086e+00,1.119414941053296086e+00,1.119414941053296086e+00,1.040650903595370380e+00,1.040650903595370380e+00,1.040650903595370380e+00,1.040650903595370380e+00,1.040650903595370380e+00
1.000000000000000000e+00,3.000000000000000000e+00,2.000000000000000000e+00,1.000000000000000000e+00,1.040650903595370380e+00,1.040650903595370380e+00,1.040650903595370380e+00,1.040650903595370380e+00,1.040650903595370380e+00,1.040650903595370380e+00,9.254376251375907581e-01,9.254376251375907581e-01,9.254376251375907581e-01,9.254376251375907581e-01,9.254376251375907581e-01,9.215815428150957445e-01,9.215815428150957445e-01,9.215815428150957445e-01,9.215815428150957445e-01,1.057733301780523716e+00,1.057733301780523716e+00,1.057733301780523716e+00,1.057733301780523716e+00,1.057733301780523716e+00,1.057733301780523716e+00,1.057733301780523716e+00,1.057733301780523716e+00,1.057733301780523716e+00,1.057733301780523716e+00
3.000000000000000000e+00,0.000000000000000000e+00,3.000000000000000000e+00,0.000000000000000000e+00,1.057733301780523716e+00,8.923849735420942286e-01,8.923849735420942286e-01,8.923849735420942286e-01,8.923849735420942286e-01,8.923849735420942286e-01,8.923849735420942286e-01,8.923849735420942286e-01,1.093036226082624296e+00,1.093036226082624296e+00,1.093036226082624296e+00,1.093036226082624296e+00,1.093036226082624296e+00,1.093036226082624296e+00,1.093036226082624296e+00,1.093036226082624296e+00,1.093036226082624296e+00,1.093036226082624296e+00,1.232946648641603193e+00,1.232946648641603193e+00,1.232946648641603193e+00,1.232946648641603193e+00,1.232946648641603193e+00,1.232946648641603193e+00,1.232946648641603193e+00
0.000000000000000000e+00,0.000000000000000000e+00,1.000000000000000000e+00,2.000000000000000000e+00,1.232946648641603193e+00,8.648266022936103026e-01,8.648266022936103026e-01,8.648266022936103026e-01,1.198564537663958207e+00,1.000370662697890545e+00,1.000370662697890545e+00,1.000370662697890545e+00,1.000370662697890545e+00,9.523548790184921398e-01,9.523548790184921398e-01,9.523548790184921398e-01,9.523548790184921398e-01,9.523548790184921398e-01,9.523548790184921398e-01,9.523548790184921398e-01,8.626135969094892442e-01,9.933140834362361726e-01,9.933140834362361726e-01,9.933140834362361726e-01,9.933140834362361726e-01,9.933140834362361726e-01,9.933140834362361726e-01,9.933140834362361726e-01,9.933140834362361726e-01
1.000000000000000000e+00,3.000000000000000000e+00,2.000000000000000000e+00,1.000000000000000000e+00,9.933140834362361726e-01,8.927304216653699775e-01,8.927304216653699775e-01,8.927304216653699775e-01,8.927304216653699775e-01,8.927304216653699775e-01,8.927304216653699775e-01,8.927304216653699775e-01,8.927304216653699775e-01,1.028334561190596519e+00,1.028334561190596519e+00,1.028334561190596519e+00,1.028334561190596519e+00,1.028334561190596519e+00,9.616269893146338621e-01,9.616269893146338621e-01,9.616269893146338621e-01,9.616269893146338621e-01,9.616269893146338621e-01,9.616269893146338621e-01,9.616269893146338621e-01,8.971851071816454581e-01,8.971851071816454581e-01,8.971851071816454581e-01,8.971851071816454581e-01
3.000000000000000000e+00,1.000000000000000000e+00,1.000000000000000000e+00,0.000000000000000000e+00,8.971851071816454581e-01,1.063532234548285826e+00,1.063532234548285826e+00,1.063532234548285826e+00,1.063532234548285826e+00,1.063532234548285826e+00,1.143257853406076441e+00,1.143257853406076441e+00,1.143257853406076441e+00,1.143257853406076441e+00,1.143257853406076441e+00,1.143257853406076441e+00,1.143257853406076441e+00,1.143257853406076441e+00,1.143257853406076441e+00,1.143257853406076441e+00,1.143257853406076441e+00,1.143257853406076441e+00,1.143257853406076441e+00,1.143257853406076441e+00,1.143257853406076441e+00,1.186410533856861127e+00,1.186410533856861127e+00,1.186410533856861127e+00,1.186410533856861127e+00
0.000000000000000000e+00,1.000000000000000000e+00,3.000000000000000000e+00,1.000000000000000000e+00,1.136009895298258243e+00,1.136009895298258243e+00,1.136009895298258243e+00,1.136009895298258243e+00,1.136009895298258243e+00,1.136009895298258243e+00,1.199396164484228144e+00,1.199396164484228144e+00,1.199396164484228144e+00,1.199396164484228144e+00,1.128873074473546678e+00,1.128873074473546678e+00,1.128873074473546678e+00,1.128873074473546678e+00,1.128873074473546678e+00,1.128873074473546678e+00,1.128873074473546678e+00,1.128873074473546678e+00,1.128873074473546678e+00,1.128873074473546678e+00,1.128873074473546678e+00,7.748695429729101081e-01,7.748695429729101081e-01,7.748695429729101081e-01,7.748695429729101081e-01
3.000000000000000000e+00,0.000000000000000000e+00,1.000000000000000000e+00,0.000000000000000000e+00,7.748695429729101081e-01,7.748695429729101081e-01,7.748695429729101081e-01,7.748695429729101081e-01,7.748695429729101081e-01,9.665899837364616554e-01,9.665899837364616554e-01,9.665899837364616554e-01,9.665899837364616554e-01,9.665899837364616554e-01,9.665899837364616554e-01,8.785993101121376547e-01,8.785993101121376547e-01,8.785993101121376547e-01,8.785993101121376547e-01,1.025980933909536708e+00,1.025980933909536708e+00,1.025980933909536708e+00,1.025980933909536708e+00,1.025980933909536708e+00,1.025980933909536708e+00,1.025980933909536708e+00,1.025980933909536708e+00,1.025980933909536708e+00,1.025980933909536708e+00
3.000000000000000000e+00,3.000000000000000000e+00,1.000000000000000000e+00,1.000000000000000000e+00,1.025980933909536708e+00,1.025980933909536708e+00,1.025980933909536708e+00,1.025980933909536708e+00,1.025980933909536708e+00,9.794414750025063343e-01,9.794414750025063343e-01,9.794414750025063343e-01,9.794414750025063343e-01,9.794414750025063343e-01,8.801145379166427363e-01,8.801145379166427363e-01,8.801145379166427363e-01,8.801145379166427363e-01,8.801145379166427363e-01,8.801145379166427363e-01,8.801145379166427363e-01,1.158958797180001277e+00,1.158958797180001277e+00,1.158958797180001277e+00,1.158958797180001277e+00,1.158958797180001277e+00,1.158958797180001277e+00,9.077860047527130938e-01,9.077860047527130938e-01
1.000000000000000000e+00,1.000000000000000000e+00,1.000000000000000000e+00,2.000000000000000000e+00,9.077860047527130938e-01,9.077860047527130938e-01,9.077860047527130938e-01,8.645123493460176167e-01,8.645123493460176167e-01,8.645123493460176167e-01,8.645123493460176167e-01,8.645123493460176167e-01,8.645123493460176167e-01,8.645123493460176167e-01,8.645123493460176167e-01,8.645123493460176167e-01,8.645123493460176167e-01,1.064179386404697780e+00,1.064179386404697780e+00,1.064179386404697780e+00,1.064179386404697780e+00,1.064179386404697780e+00,1.114740893766796193e+00,1.114740893766796193e+00,1.114740893766796193e+00,1.114740893766796193e+00,1.114740893766796193e+00,8.344119809294551215e-01,8.344119809294551215e-01
1.000000000000000000e+00,1.000000000000000000e+00,1.000000000000000000e+00,2.000000000000000000e+00,8.344119809294551215e-01,8.344119809294551215e-01,1.048872962656815178e+00,1.048872962656815178e+00,1.048872962656815178e+00,1.048872962656815178e+00,8.972070380370912313e-01,1.201012988818660254e+00,1.201012988818660254e+00,1.201012988818660254e+00,1.201012988818660254e+00,1.201012988818660254e+00,1.201012988818660254e+00,1.201012988818660254e+00,1.201012988818660254e+00,1.147473025329703189e+00,8.610783306856283348e-01,8.610783306856283348e-01,8.610783306856283348e-01,8.610783306856283348e-01,8.610783306856283348e-01,8.610783306856283348e-01,8.610783306856283348e-01,8.610783306856283348e-01,8.610783306856283348e-01
0.000000000000000000e+00,2.000000000000000000e+00,2.000000000000000000e+00,2.000000000000000000e+00,8.610783306856283348e-01,1.006918376491936939e+00,1.006918376491936939e+00,1.227818046688742948e+00,1.452076016378220036e+00,1.024284101877256381e+00,1.024284101877256381e+00,1.024284101877256381e+00,1.024284101877256381e+00,1.024284101877256381e+00,1.024284101877256381e+00,1.024284101877256381e+00,1.024284101877256381e+00,9.986283665501591855e-01,9.986283665501591855e-01,9.986283665501591855e-01,9.986283665501591855e-01,9.986283665501591855e-01,9.986283665501591855e-01,9.986283665501591855e-01,1.002240480713420423e+00,1.002240480713420423e+00,1.002240480713420423e+00,1.002240480713420423e+00,1.002240480713420423e+00
1.000000000000000000e+00,0.000000000000000000e+00,0.000000000000000000e+00,1.000000000000000000e+00,1.002240480713420423e+00,1.002240480713420423e+00,1.002240480713420423e+00,1.002240480713420423e+00,9.586000723674977797e-01,9.586000723674977797e-01,9.586000723674977797e-01,9.586000723674977797e-01,9.586000723674977797e-01,9.586000723674977797e-01,9.586000723674977797e-01,8.576551887046440781e-01,8.576551887046440781e-01,8.576551887046440781e-01,1.054130510863622083e+00,1.054130510863622083e+00,1.054130510863622083e+00,1.054130510863622083e+00,1.054130510863622083e+00,1.054130510863622083e+00,1.054130510863622083e+00,1.054130510863622083e+00,9.788049325723295890e-01,9.788049325723295890e-01,9.788049325723295890e-01
3.000000000000000000e+00,2.000000000000000000e+00,1.000000000000000000e+00,1.000000000000000000e+00,9.788049325723295890e-01,9.498892865538992591e-01,1.000516328788505271e+00,1.000516328788505271e+00,1.000516328788505271e+00,1.000516328788505271e+00,1.000516328788505271e+00,1.000516328788505271e+00,1.000516328788505271e+00,8.983367603273209046e-01,8.983367603273209046e-01,8.983367603273209046e-01,8.983367603273209046e-01,8.983367603273209046e-01,8.983367603273209046e-01,8.983367603273209046e-01,8.983367603273209046e-01,8.983367603273209046e-01,8.983367603273209046e-01,8.983367603273209046e-01,8.983367603273209046e-01,9.305005892984987703e-01,9.105034967045028127e-01,9.105034967045028127e-01,9.105034967045028127e-01
1.000000000000000000e+00,1.000000000000000000e+00,3.000000000000000000e+00,2.000000000000000000e+00,9.105034967045028127e-01,9.105034967045028127e-01,9.105034967045028127e-01,9.105034967045028127e-01,9.105034967045028127e-01,9.105034967045028127e-01,9.105034967045028127e-01,9.105034967045028127e-01,8.193431415823875241e-01,8.193431415823875241e-01,8.193431415823875241e-01,8.193431415823875241e-01,8.193431415823875241e-01,1.052316933576546321e+00,1.107521360105081287e+00,8.463712507615253067e-01,8.463712507615253067e-01,8.463712507615253067e-01,1.014381321467489938e+00,1.014381321467489938e+00,1.014381321467489938e+00,1.057446282787620095e+00,1.057446282787620095e+00,1.057446282787620095e+00,1.057446282787620095e+00
2.000000000000000000e+00,1.000000000000000000e+00,1.000000000000000000e+00,0.000000000000000000e+00,1.057446282787620095e+00,9.742342197044171481e-01,9.742342197044171481e-01,9.742342197044171481e-01,9.742342197044171481e-01,9.742342197044171481e-01,9.742342197044171481e-01,9.742342197044171481e-01,9.966641240845173222e-01,9.966641240845173222e-01,9.966641240845173222e-01,9.966641240845173222e-01,9.966641240845173222e-01,9.966641240845173222e-01,9.966641240845173222e-01,9.966641240845173222e-01,9.966641240845173222e-01,9.966641240845173222e-01,9.464422589365054650e-01,9.464422589365054650e-01,9.269280038328785443e-01,9.269280038328785443e-01,9.269280038328785443e-01,9.269280038328785443e-01,9.269280038328785443e-01
1.000000000000000000e+00,3.000000000000000000e+00,2.000000000000000000e+00,2.000000000000000000e+00,1.034129159717968038e+00,1.034129159717968038e+00,1.034129159717968038e+00,9.377307501616727325e-01,9.377307501616727325e-01,9.377307501616727325e-01,9.377307501616727325e-01,9.377307501616727325e-01,1.056702290465475036e+00,1.056702290465475036e+00,1.056702290465475036e+00,1.056702290465475036e+00,1.056702290465475036e+00,1.056702290465475036e+00,1.056702290465475036e+00,1.056702290465475036e+00,1.056702290465475036e+00,8.920515479209694121e-01,8.920515479209694121e-01,8.920515479209694121e-01,8.920515479209694121e-01,8.920515479209694121e-01,8.920515479209694121e-01,8.920515479209694121e-01,9.028126323356318039e-01
1.000000000000000000e+00,2.000000000000000000e+00,1.000000000000000000e+00,1.000000000000000000e+00,9.028126323356318039e-01,9.028126323356318039e-01,9.028126323356318039e-01,9.028126323356318039e-01,9.028126323356318039e-01,9.028126323356318039e-01,1.040439173894040836e+00,1.040439173894040836e+00,1.040439173894040836e+00,1.040439173894040836e+00,1.040439173894040836e+00,8.739204942357835515e-01,8.739204942357835515e-01,8.739204942357835515e-01,8.739204942357835515e-01,8.739204942357835515e-01,8.739204942357835515e-01,8.739204942357835515e-01,8.739204942357835515e-01,8.739204942357835515e-01,8.739204942357835515e-01,8.739204942357835515e-01,8.739204942357835515e-01,8.739204942357835515e-01,8.739204942357835515e-01
0.000000000000000000e+00,0.000000000000000000e+00,3.000000000000000000e+00,0.000000000000000000e+00,8.739204942357835515e-01,8.739204942357835515e-01,8.739204942357835515e-01,8.739204942357835515e-01,8.739204942357835515e-01,8.739204942357835515e-01,8.739204942357835515e-01,1.010419865439160292e+00,1.010419865439160292e+00,1.010419865439160292e+00,1.010419865439160292e+00,9.335488212903629845e-01,9.335488212903629845e-01,9.335488212903629845e-01,9.335488212903629845e-01,9.335488212903629845e-01,9.335488212903629845e-01,9.335488212903629845e-01,9.335488212903629845e-01,9.335488212903629845e-01,1.001818620228357659e+00,1.001818620228357659e+00,1.001818620228357659e+00,1.001818620228357659e+00,8.013474228183213866e-01
